{"schemaVersion":"1.0","appDefinitionTemplate":{"id":"/providers/Microsoft.PowerApps/apps/","type":"Microsoft.PowerApps/apps","tags":{"primaryDeviceWidth":"1295","primaryDeviceHeight":"870","supportsPortrait":"false","supportsLandscape":"true","primaryFormFactor":"Tablet","publisherVersion":"3.23012.17","minimumRequiredApiVersion":"2.2.0","hasComponent":"false","hasUnlockedComponent":"false","isUnifiedRootApp":"false","sienaVersion":"20230124T140423Z-3.23012.17.0"},"properties":{"appVersion":"2023-01-24T14:04:23Z","lifeCycleId":"Published","createdByClientVersion":{"major":3,"minor":23012,"build":17,"revision":0,"majorRevision":0,"minorRevision":0},"minClientVersion":{"major":3,"minor":23012,"build":17,"revision":0,"majorRevision":0,"minorRevision":0},"backgroundColor":"rgba(236, 41, 84, 1)","backgroundImageUri":"/3638955787329792449/N9fc24138-b866-4711-a428-636d13203c58-logoSmallFile","displayName":"Meeting Capture for Surface Duo 2","description":"An all-in-one meeting capture tool. View meeting details, capture notes and pictures of whiteboards, assign tasks and send to all meeting attendees in one click.","commitMessage":"","appUris":{"documentUri":{"value":"/3638955787329792449/N28c861c2-d2ba-4814-933e-20837400e500-document.msapp"},"imageUris":[],"additionalUris":[]},"createdTime":"0001-01-01T00:00:00Z","lastModifiedTime":"0001-01-01T00:00:00Z","sharedGroupsCount":0,"sharedUsersCount":0,"icons":{"smallIconUri":"/3638955787329792449/Nbc81742f-0aa9-4fba-b647-458b55b68519-small.png","mediumIconUri":"/3638955787329792449/N47f71e5a-73ed-4dae-a8d5-ddb6a5a916bd-medium.png","largeIconUri":"/3638955787329792449/Nd8a99b47-c77f-493b-a064-9db4a2f99746-large.png","wideIconUri":"/3638955787329792449/Ne2b52f5b-7928-40e2-94f8-bc6ff7c540ec-wide.png"},"connectionReferences":{"6b2de656-facb-41aa-b502-bb84e6da4768":{"id":"7c8b9ede-e06d-459c-9416-a2194a39ab60","displayName":"Office 365 Users","iconUri":"https://connectoricons-prod.azureedge.net/releases/v1.0.1611/1.0.1611.3104/office365users/icon.png","dataSources":["Office365Users"],"dependencies":[],"dependents":[],"parameterHints":{},"parameterHintsV2":{},"isOnPremiseConnection":false,"bypassConsent":false,"dataSets":{},"apiTier":"Standard","isCustomApiConnection":false,"actions":["MyProfile","SearchUser","UserPhotoMetadata","UserPhoto","UserProfileV2"]},"0709996f-842f-4d9b-9d21-618afede1a91":{"id":"ac312ca7-26e9-4a6e-b602-68fc9e34e63d","displayName":"OneNote (Business)","iconUri":"https://connectoricons-prod.azureedge.net/releases/v1.0.1613/1.0.1613.3125/onenote/icon.png","dataSources":["OneNote(Business)"],"dependencies":[],"dependents":[],"parameterHints":{},"parameterHintsV2":{},"isOnPremiseConnection":false,"bypassConsent":false,"dataSets":{},"apiTier":"Standard","isCustomApiConnection":false,"actions":["CreatePageInSection","GetNotebooks","GetSectionsInNotebook"]},"5867dfa2-c11f-4590-8528-e575cc1e8f82":{"id":"d10e5509-1133-4f46-8e6b-c428082123ee","displayName":"Planner","iconUri":"https://connectoricons-prod.azureedge.net/releases/v1.0.1608/1.0.1608.3079/planner/icon.png","dataSources":["Planner"],"dependencies":[],"dependents":[],"parameterHints":{},"parameterHintsV2":{},"isOnPremiseConnection":false,"bypassConsent":false,"dataSets":{},"apiTier":"Standard","isCustomApiConnection":false,"actions":["CreateTask","ListMyPlans","ListBuckets"]},"b84d29d0-5308-4b11-89e9-65a038c53cff":{"id":"caf95eb0-969c-4fcb-8e81-1651dbda3d6b","displayName":"Office 365 Outlook","iconUri":"https://connectoricons-prod.azureedge.net/releases/v1.0.1613/1.0.1613.3125/office365/icon.png","dataSources":["Office365Outlook"],"dependencies":[],"dependents":[],"parameterHints":{},"parameterHintsV2":{},"isOnPremiseConnection":false,"bypassConsent":false,"dataSets":{},"apiTier":"Standard","isCustomApiConnection":false,"actions":["CalendarGetTables","GetEventsCalendarView","SendEmail","FindMeetingTimes","V4CalendarPostItem"]}},"databaseReferences":{},"almMode":"Environment","performanceOptimizationEnabled":true,"canConsumeAppPass":true,"enableModernRuntimeMode":false,"executionRestrictions":{"isTeamsOnly":false,"dataLossPreventionEvaluationResult":{"status":"Compliant","lastEvaluationDate":"2023-01-19T21:01:06.6909698Z","violations":[],"violationsByPolicy":[],"violationErrorMessage":"The app uses the following connectors: shared_office365users, shared_onenote, shared_planner, shared_office365."}}},"appType":"ClassicCanvasApp","appComponents":[]}}