{"schemaVersion":"1.0","appDefinitionTemplate":{"id":"/providers/Microsoft.PowerApps/apps/","type":"Microsoft.PowerApps/apps","tags":{"primaryDeviceWidth":"1295","primaryDeviceHeight":"900","supportsPortrait":"false","supportsLandscape":"true","primaryFormFactor":"Tablet","publisherVersion":"3.23011.19","minimumRequiredApiVersion":"2.2.0","hasComponent":"false","hasUnlockedComponent":"false","isUnifiedRootApp":"false","sienaVersion":"20230119T200912Z-3.23011.19.0"},"properties":{"appVersion":"2023-01-19T20:09:12Z","lifeCycleId":"Published","createdByClientVersion":{"major":3,"minor":23011,"build":19,"revision":0,"majorRevision":0,"minorRevision":0},"minClientVersion":{"major":3,"minor":23011,"build":19,"revision":0,"majorRevision":0,"minorRevision":0},"backgroundColor":"RGBA(0,176,240,1)","backgroundImageUri":"/16947455580735017127/Na0edb415-9a08-45d1-b14b-966a2d95863f-logoSmallFile","displayName":"Surface Duo 2 - Base Template","description":"","commitMessage":"","appUris":{"documentUri":{"value":"/16947455580735017127/N581043c0-caca-4fc6-ae39-d6b7605fad11-document.msapp"},"imageUris":[],"additionalUris":[]},"createdTime":"0001-01-01T00:00:00Z","lastModifiedTime":"0001-01-01T00:00:00Z","sharedGroupsCount":0,"sharedUsersCount":0,"icons":{"smallIconUri":"/16947455580735017127/N85e5b7d5-cc5c-4df4-80bb-8427be64e554-small.png","mediumIconUri":"/16947455580735017127/Nbfb9429e-c756-4edc-8856-e6e31fcab87d-medium.png","largeIconUri":"/16947455580735017127/N8bfcd80a-5208-4ec8-94d9-bb270dbbe57e-large.png","wideIconUri":"/16947455580735017127/N3230c813-87a7-475f-9b60-d81dbca8708e-wide.png"},"connectionReferences":{},"databaseReferences":{},"almMode":"Solution","performanceOptimizationEnabled":true,"canConsumeAppPass":true,"enableModernRuntimeMode":false,"executionRestrictions":{"isTeamsOnly":false,"dataLossPreventionEvaluationResult":{"status":"Compliant","lastEvaluationDate":"2023-01-18T15:37:59.719216Z","violations":[],"violationsByPolicy":[],"violationErrorMessage":"The app uses the following connectors: ."}}},"appType":"ClassicCanvasApp","appComponents":[]}}